{"cameraMode":{"drawMode":0,"name":"Shaded","section":"Shading Mode"},"sceneLighting":false,"audioPlay":true,"sceneViewState":{"showFog":true,"showMaterialUpdate":false,"showSkybox":false,"showFlares":true,"showImageEffects":true,"showParticleSystems":true},"in2DMode":false,"pivot":{"x":7.463779926300049,"y":1.4645981788635255,"z":-4.010171890258789},"rotation":{"x":0.007378155365586281,"y":-0.9839956760406494,"z":0.04133047163486481,"w":0.17385421693325044},"size":8.429312705993653,"orthographic":false}