{"cameraMode":{"drawMode":0,"name":"Shaded","section":"Shading Mode"},"sceneLighting":false,"audioPlay":true,"sceneViewState":{"showFog":true,"showMaterialUpdate":false,"showSkybox":false,"showFlares":true,"showImageEffects":true,"showParticleSystems":true},"in2DMode":false,"pivot":{"x":1.4561634063720704,"y":6.412458896636963,"z":15.847606658935547},"rotation":{"x":0.09403657913208008,"y":-0.2880900800228119,"z":0.028433118015527726,"w":0.9525628089904785},"size":19.57560920715332,"orthographic":false}