{"cameraMode":{"drawMode":0,"name":"Shaded","section":"Shading Mode"},"sceneLighting":true,"audioPlay":false,"sceneViewState":{"showFog":true,"showMaterialUpdate":false,"showSkybox":false,"showFlares":true,"showImageEffects":true,"showParticleSystems":true},"in2DMode":false,"pivot":{"x":3.1878538131713869,"y":2.273447275161743,"z":5.65234375},"rotation":{"x":-0.0000022499987153423719,"y":0.9999977350234985,"z":0.0014999978011474014,"w":0.0014999979175627232},"size":4.070558547973633,"orthographic":true}