{"cameraMode":{"drawMode":0,"name":"Shaded","section":"Shading Mode"},"sceneLighting":false,"audioPlay":true,"sceneViewState":{"showFog":true,"showMaterialUpdate":false,"showSkybox":false,"showFlares":true,"showImageEffects":true,"showParticleSystems":true},"in2DMode":false,"pivot":{"x":0.4337158203125,"y":0.471923828125,"z":-1.0103759765625},"rotation":{"x":-0.02737942524254322,"y":0.7114266753196716,"z":-0.027759643271565439,"w":-0.7016786336898804},"size":1.211118221282959,"orthographic":true}